url,aria_label
https://www.familysearch.org/tree/person/details/KWZJ-87C,KWZJ-8QM
https://www.familysearch.org/tree/person/details/KWZJ-87C,KWZJ-8Q7
https://www.familysearch.org/tree/person/details/LJHT-5Y4,LJHT-5TR
https://www.familysearch.org/tree/person/details/LJHT-5Y4,LJHT-5TB
https://www.familysearch.org/tree/person/details/LJHT-5RW,
https://www.familysearch.org/tree/person/details/LJHT-5RW,
https://www.familysearch.org/tree/person/details/LJHT-5TB,M7P8-N72
https://www.familysearch.org/tree/person/details/LJHT-5TB,LRZF-72G
https://www.familysearch.org/tree/person/details/LJHT-5TR,L64C-8BH
https://www.familysearch.org/tree/person/details/LJHT-5TR,KL14-92N
https://www.familysearch.org/tree/person/details/LJHT-55Y,KWZJ-87C
https://www.familysearch.org/tree/person/details/LJHT-55Y,LJHT-5Y4
https://www.familysearch.org/tree/person/details/LJJZ-XBT,
https://www.familysearch.org/tree/person/details/LJJZ-XBT,
https://www.familysearch.org/tree/person/details/KWZJ-8QM,
https://www.familysearch.org/tree/person/details/KWZJ-8QM,
https://www.familysearch.org/tree/person/details/L64C-8BH,
https://www.familysearch.org/tree/person/details/L64C-8BH,
https://www.familysearch.org/tree/person/details/KWZJ-8Q7,
https://www.familysearch.org/tree/person/details/KWZJ-8Q7,
